{
  "project_info": {
    "project_number": "164392797456",
    "firebase_url": "https://duste-4fd20-default-rtdb.asia-southeast1.firebasedatabase.app",
    "project_id": "duste-4fd20",
    "storage_bucket": "duste-4fd20.appspot.com"
  },
  "client": [
    {
      "client_info": {
        "mobilesdk_app_id": "1:164392797456:android:7c858d4122b67aceb25195",
        "android_client_info": {
          "package_name": "com.example.duste"
        }
      },
      "oauth_client": [
        {
          "client_id": "164392797456-lqifpjn8iuv0asak5sb79h8i3n4cq4aq.apps.googleusercontent.com",
          "client_type": 3
        }
      ],
      "api_key": [
        {
          "current_key": "AIzaSyBaWoN6neYO7Ve25oVx9NWW7VojfU_VX6Y"
        }
      ],
      "services": {
        "appinvite_service": {
          "other_platform_oauth_client": [
            {
              "client_id": "164392797456-lqifpjn8iuv0asak5sb79h8i3n4cq4aq.apps.googleusercontent.com",
              "client_type": 3
            }
          ]
        }
      }
    }
  ],
  "configuration_version": "1"
}